"variable","mean","median","sd","mad","q5","q95","rhat","ess_bulk","ess_tail","parameter"
"lp__",-2788.0477475,-2787.41,34.6641215434899,34.4333850000002,-2846.267,-2732.2985,1.00852291124206,505.153166843735,841.13354282061,"1"
"beta0",9.0305098375,9.0256,0.764584235426363,0.760937036999999,7.777255,10.31094,1.00503341648237,1334.15714833991,2109.5002260636,"2"
"beta_i[1]",0.19825338323434,0.2070495,0.49748007206169,0.5073138441,-0.6284761,1.0142315,1.00017692400953,2102.11983784372,2120.87284794921,"3"
"beta_i[2]",0.0786909242315,0.0867522,0.496841856865989,0.50707336638,-0.7429499,0.893821,1.0001693044136,2085.449038543,2178.24780571961,"4"
"beta_i[3]",-0.010596453205675,0.0052399,0.497114520483036,0.5097512385,-0.8378541,0.79800585,1.00012121350031,2077.92539117615,2165.39411740192,"5"
"beta_i[4]",0.031110922414625,0.0406024,0.497444635320645,0.50653310694,-0.79675085,0.850426949999999,1.00018081529733,2116.71534846328,2194.28760386988,"6"
"beta_j[1]",0.3575778384535,0.3572755,0.291552840572859,0.2952331032,-0.1124236,0.84543705,1.01146021993235,741.970368404556,1177.43126675395,"7"
"beta_j[2]",0.222509460241325,0.2202315,0.291075341934328,0.29088641652,-0.2516754,0.7135685,1.01151618490428,727.19668627093,1164.26019994055,"8"
"beta_j[3]",0.01862457287775,0.0177436,0.291652284466845,0.28688695476,-0.46068935,0.50003285,1.0115418823716,753.080395015607,1129.29048481371,"9"
"beta_j[4]",0.08977276152895,0.08732245,0.29067840738854,0.29054445483,-0.38063135,0.5715685,1.01190023928519,730.084483304277,1142.97747259889,"10"
"beta_j[5]",-0.163617059658015,-0.1618925,0.290977481090687,0.29022087738,-0.6387239,0.32057315,1.01239409012583,686.870278052527,1209.18240857392,"11"
"beta_j[6]",-0.0353051860697,-0.03480145,0.291288619276232,0.29110547067,-0.5086777,0.4431987,1.01135206240414,748.378131662682,1080.64390633477,"12"
"beta_j[7]",0.18257839938735,0.182675,0.290843709922686,0.28661563896,-0.29336015,0.66065145,1.01174447410301,748.984437136465,1123.575675493,"13"
"beta_j[8]",0.21743835129135,0.2166355,0.290834244770626,0.29170785105,-0.25702895,0.6957228,1.01220024862621,702.163853201448,1126.16002005628,"14"
"beta_j[9]",-0.2054067620014,-0.208119,0.291081017993673,0.28875755118,-0.6763488,0.27785455,1.01168942100689,721.239514131042,1184.03218532145,"15"
"beta_j[10]",-0.18318478767975,-0.1842635,0.291012321537641,0.29321884284,-0.6555207,0.30301025,1.01169837862465,743.977585654918,1187.27966544102,"16"
"beta_j[11]",-0.11103697686175,-0.1127205,0.291533130405325,0.289492476,-0.58541395,0.3732023,1.0123106706136,681.752818816527,1152.26197464244,"17"
"beta_j[12]",-0.038274231554425,-0.040527,0.292749263882428,0.2914598862,-0.50956595,0.4393552,1.01225466919404,732.551404230262,1167.11437411408,"18"
"beta_m[1]",-0.9825541976975,-0.9751515,0.845816609363294,0.8412109314,-2.3977395,0.41111985,1.0009494327138,3575.18297178572,2902.92879825747,"19"
"beta_m[2]",-1.3835412780825,-1.380335,0.609742751280856,0.6139654164,-2.382699,-0.3725642,1.00139965478499,964.080789607085,1620.73411567485,"20"
"beta_m[3]",-1.5347345146875,-1.53241,0.581440917068306,0.576553488,-2.4988385,-0.58089385,1.00630686513384,858.494004537408,1968.28720062279,"21"
"beta_m[4]",0.29817607399375,0.317253,0.602269881509151,0.60693915261,-0.71497645,1.2603205,1.00469910411643,850.753730539847,1494.36856850271,"22"
"beta_m[5]",3.957067035,3.961035,0.633895082540223,0.638303778,2.916675,4.998384,1.0070052489395,816.484802920976,2047.02987350963,"23"
"beta_r[1]",-0.81821969150875,-0.823193,0.360677085281119,0.3537713403,-1.4059765,-0.2054342,1.01911545537966,278.736776249128,628.318306768702,"24"
"beta_r[2]",1.46689200525,1.458675,0.363182557563545,0.36242157,0.87383855,2.0753515,1.01849712266252,276.616239180239,544.145365709047,"25"
"beta_r[3]",0.00939025165874997,0.01055855,2.16986039965197,2.16969399423,-3.5543275,3.5391405,1.00392760511566,12267.9677475821,2252.47901352735,"26"
"beta_r[4]",-0.00967254042599991,0.039736,2.29564842441789,2.232009822,-3.797435,3.799329,1.00126549999162,11000.3369842692,2598.5617890165,"27"
"beta_r[5]",-0.01671625190375,0.0159893,2.22631620759244,2.22110426118,-3.703374,3.6083335,0.999838813616218,10045.6970141659,3080.15187734573,"28"
"beta_r[6]",-0.0529636605122499,-0.0520556,2.2026166133561,2.163684201,-3.7488435,3.477716,1.00447032414263,10400.617200583,2459.79535642993,"29"
"beta_r[7]",-0.01276789483625,-0.01732315,2.3055235908166,2.25504668319,-3.740153,3.780526,0.999696664420881,8893.06100494626,2415.81342899401,"30"
"beta_r[8]",0.0323915642275,0.01727065,2.20808372820339,2.146456389,-3.544421,3.7117465,1.00141779111086,9089.24012000634,2585.37364424419,"31"
"beta_r[9]",-0.00611216500249996,-0.03862335,2.22752489584646,2.28016467,-3.657045,3.683678,1.00045848661245,10011.8064024643,2920.76544491815,"32"
"beta_r[10]",0.29775038595805,0.288523,0.362222718280449,0.35460092913,-0.29883305,0.90979655,1.01933038320444,271.997320475021,585.442439874534,"33"
"beta_r[11]",-1.2122734085,-1.223365,0.360810074173403,0.3614979102,-1.800813,-0.616302700000001,1.01938773068764,264.168681839156,690.752196113902,"34"
"beta_r[12]",-0.578525268367,-0.581521,0.361876348595729,0.3636269238,-1.169934,0.0266624049999999,1.02073029195665,262.391393555081,605.780043092628,"35"
"beta_r[13]",-0.45354953091175,-0.45913,0.363657257303403,0.3622251255,-1.050434,0.15370595,1.01877083027175,272.159350551728,647.453606653327,"36"
"beta_r[14]",0.0192985079933001,-0.00114621,2.18505118806352,2.245014017946,-3.5011455,3.600925,1.0041128429304,9100.88739209864,2966.58344513918,"37"
"beta_r[15]",-0.0202186853015001,-0.02827635,2.30120269473181,2.32347682749,-3.7561295,3.8106195,1.00249073209523,11891.3080259616,2718.92970066147,"38"
"beta_r[16]",0.565783148841675,0.5616185,0.361260149711513,0.3622251255,-0.03363098,1.158767,1.01962186987296,273.23567622368,642.043742293605,"39"
"beta_r[17]",-0.530232664092925,-0.5372445,0.360854503589096,0.3531145485,-1.127714,0.0787662749999998,1.0180024160072,280.932423736117,672.532165200553,"40"
"beta_r[18]",0.617668762281,0.616647,0.362467588873766,0.361643205,0.02290521,1.220031,1.01882189937073,282.399191920609,655.664421321492,"41"
"beta_r[19]",-0.014985697182975,-0.0134752,2.23704988852518,2.235723735,-3.6249225,3.59017649999999,1.00377601156139,13324.6740615739,2859.93754414762,"42"
"beta_r[20]",0.0289296538525001,0.02687745,2.22696549951173,2.131926909,-3.6154355,3.676789,1.00161055815765,9699.88163299968,2899.77813065936,"43"
"beta_r[21]",-0.00453235473000001,0.01121835,2.29683903700826,2.276576778,-3.739629,3.779,1.00231753880579,8668.80704282705,2506.19687844679,"44"
"beta_r[22]",-0.04218822116425,-0.009403775,2.2539911956658,2.213905459815,-3.831016,3.6264055,1.00107518345459,8741.37033192212,2613.59979633889,"45"
"beta_r[23]",-0.892945881075,-0.900175,0.362524220388452,0.3558825627,-1.4934605,-0.28106555,1.01968752810221,277.022449256613,590.409789481104,"46"
"beta_r[24]",1.59329249425,1.58825,0.361695369677399,0.360368169,0.99757675,2.1872095,1.01932570000495,273.555537753803,575.024394361601,"47"
"beta_r[25]",0.6786438633225,0.6736385,0.360890600474519,0.354815832,0.09184511,1.2746295,1.01992372392222,275.128448823955,535.39667446804,"48"
"beta_r[26]",0.00649990375500002,0.006222705,2.22983136831237,2.223618306,-3.6601125,3.745628,1.0013623411604,10147.7121364448,2471.53661277988,"49"
"beta_r[27]",0.00052528176249996,-0.009161105,2.24297844239912,2.204663265,-3.724922,3.6530645,1.00253090859731,10793.3069754241,2578.50535486685,"50"
"beta_r[28]",-0.1969393378685,-0.196489,0.362341254922099,0.35397386346,-0.7840012,0.4222373,1.02158797520109,264.481832568485,570.349092285285,"51"
"beta_r[29]",-0.0270379397413,-0.03328395,0.362178833424185,0.3595460673,-0.62288625,0.5767691,1.02041556218955,268.828797726189,648.040594979252,"52"
"beta_r[30]",-0.00764389279577509,0.004898935,2.20413866403335,2.191207091031,-3.655651,3.64293,1.00155424429272,7978.25491951242,2436.71598204022,"53"
"beta_r[31]",-0.0348983876145,-0.0319459,2.25815213671141,2.18103195534,-3.7249175,3.7323215,1.00177992970914,11591.6364514024,2326.59758550927,"54"
"beta_r[32]",-0.0116129260275,-0.03809685,2.19308161879937,2.14849029381,-3.5534565,3.5954585,1.00059649184464,9387.69472989317,2657.59043182425,"55"
"beta_r[33]",-0.343530749865,-0.346841,0.363232099607484,0.3578025297,-0.935268,0.27096175,1.01924065159664,277.761608035421,620.509309963589,"56"
"beta_r[34]",-0.0182035827587999,-0.015441,2.24562551490522,2.3008825224,-3.707313,3.6749275,1.00141431432265,9584.78845608996,2779.50993096331,"57"
"beta_r[35]",-0.00771279788887495,-0.05063155,2.30359495187693,2.26449870297,-3.8089455,3.8464675,1.00007694016547,10590.9861609594,2508.80582880776,"58"
"beta_r[36]",-0.37610014936425,-0.38008,0.363612573345242,0.3583770372,-0.9636748,0.224674999999999,1.01820998086945,276.053238065273,633.529996168981,"59"
"beta_r[37]",0.026563838751,0.02606995,2.20114714069714,2.213210454,-3.556888,3.6587365,1.00094946404612,7870.55343884435,2918.74300852517,"60"
"beta_r[38]",0.0200570498957499,0.0227505,2.24723445526165,2.2744410927,-3.681454,3.787924,1.00042543155058,10178.0292268048,2919.61360763775,"61"
"beta_r[39]",0.03289921282625,0.0557306,2.25007253222565,2.15401675944,-3.8132945,3.787069,0.999817962221658,9597.74109541672,2669.66812668768,"62"
"beta_r[40]",-0.00907572397725004,-0.00596371,2.28566435603183,2.259869788554,-3.7303975,3.7627395,0.99942177830881,10371.8610615171,2540.055813468,"63"
"beta_r[41]",0.012317494092,0.009472355,2.18825837067001,2.145073649523,-3.624849,3.6281245,1.00193595289081,10537.7428275539,2438.51596911827,"64"
"beta_r[42]",0.00132503588699999,0.0005376165,2.28970613388965,2.3573749442229,-3.677631,3.656135,1.00214610511393,10267.5028579628,2692.07986708286,"65"
"beta_r[43]",-0.01459877283825,-0.0199103,2.2517045689215,2.21762163378,-3.6541005,3.659162,1.00012582840371,9110.40575034799,2602.30054887112,"66"
"beta_r[44]",-1.06389422058,-1.068275,0.362177889479913,0.3638797071,-1.653005,-0.4532656,1.01935893542388,271.045306321194,608.013426715937,"67"
"beta_r[45]",0.0147246190395001,0.02170655,2.16696622748254,2.17227356997,-3.546811,3.547927,1.00117648852376,8200.08635004395,2746.16637895967,"68"
"beta_r[46]",-1.27061268455,-1.273875,0.36059977753357,0.357076797,-1.859352,-0.6623638,1.0195297922761,276.39705178431,661.142518902604,"69"
"beta_r[47]",-0.06225719739275,-0.08658,2.15679187546632,2.166590097,-3.4963335,3.3931985,1.00189772680095,10144.466571501,2901.6820396969,"70"
"beta_r[48]",-0.01287042390785,-0.04361665,2.24930219638581,2.20842410229,-3.6948835,3.65915,0.999892280172103,10971.7565169013,2576.47247644202,"71"
"beta_r[49]",0.0264309250735,0.001002036,2.25814603856978,2.152638831,-3.662717,3.828569,1.00340578712451,10040.7322906095,2264.22715257289,"72"
"beta_r[50]",0.0144549363,-0.007810005,2.17253842223809,2.121741447,-3.447463,3.66656,1.00253137244749,10179.5174507622,2817.82549644403,"73"
"beta_r[51]",-0.01330342183725,-0.009545855,2.27481330081829,2.326614528,-3.777131,3.6987135,1.00260415891237,10230.0384056098,2595.87644020344,"74"
"beta_r[52]",-0.0132776050525,-0.02950005,2.20486225194538,2.14874708013,-3.613836,3.5061755,1.00166771751127,10432.2247337365,2947.15054956967,"75"
"beta_r[53]",-0.24270669988325,-0.2469335,0.361687932791203,0.361677445647,-0.8383916,0.35666425,1.01953900531705,270.511294891248,596.820103646033,"76"
"beta_r[54]",-1.0803993360075,-1.084965,0.363272386827907,0.363741084,-1.6798355,-0.47872915,1.02007060076179,276.832073085422,580.579276740014,"77"
"beta_r[55]",-0.50544722824635,-0.5086415,0.363387532726672,0.3540478452,-1.1042965,0.1137265,1.01990116725594,272.370391717365,527.225973677182,"78"
"beta_r[56]",-0.8527780184575,-0.859995,0.361972179879711,0.35893746,-1.4407675,-0.2436947,1.01742185735474,280.4426252873,566.344549737919,"79"
"beta_r[57]",-2.03442769775,-2.04101,0.364526695608017,0.355964847,-2.633089,-1.424139,1.0200466312179,272.231150592824,600.069888618588,"80"
"beta_r[58]",0.3237916913275,0.315358,0.36305264585011,0.36278955132,-0.27273835,0.9331366,1.01884747739402,282.106308363033,619.774127826028,"81"
"beta_r[59]",-0.0421626296675,-0.0533779,2.28594875095371,2.26663283154,-3.8294945,3.7361445,1.00403536664845,10084.3925513185,2708.19321798684,"82"
"beta_r[60]",8.09290907499993e-05,0.00347361,2.25830525423236,2.218219581186,-3.7617975,3.703342,1.00197440035363,9119.78660508169,2676.62177346388,"83"
"beta_r[61]",-0.13274570845825,-0.14129,0.36169837351822,0.35051540244,-0.7240611,0.47654115,1.01937112290181,281.671636299207,626.305832460377,"84"
"beta_r[62]",0.03621861947225,0.04373965,2.27071985098483,2.29520512809,-3.6823185,3.7665155,1.00060152057428,8828.35938870068,2860.74655696486,"85"
"beta_r[63]",0.0235261220373,0.0288538,2.2384453553875,2.221720578,-3.666245,3.71295,1.00068783787293,10797.0254397303,2661.95378264385,"86"
"beta_r[64]",-0.418251530109425,-0.4205765,0.361397983129115,0.3585349341,-1.0091495,0.1856545,1.0202957845435,265.843737051309,597.257836162661,"87"
"beta_r[65]",-0.9754766785875,-0.9835145,0.361635654129549,0.3620672286,-1.5624565,-0.362928300000001,1.01997061358887,269.2207946186,601.276986100397,"88"
"beta_r[66]",-0.32903450702925,-0.3320525,0.362801972981394,0.35835301908,-0.92707905,0.2779686,1.01897997755562,272.916505079279,594.528194209148,"89"
"beta_r[67]",0.0493325483849999,0.06831965,2.23788289139935,2.248251705,-3.5501885,3.702955,1.00104717518268,10449.0517595689,2747.6918833378,"90"
"beta_r[68]",0.0154669832475,0.0343416,2.25312872318537,2.27257613016,-3.610543,3.6852085,1.00169937841935,8745.21905833401,2408.21695724596,"91"
"beta_r[69]",-0.597345687368,-0.604754,0.362703652053672,0.3590716353,-1.192587,0.00708088449999967,1.01928788431339,270.710593884503,513.24370308551,"92"
"beta_r[70]",0.934800127795,0.9277585,0.368897804976425,0.3708212403,0.337405,1.554881,1.01749579388888,288.013606775282,629.429558604539,"93"
"beta_r[71]",0.465676017603675,0.459634,0.360411370259498,0.355712805,-0.13255545,1.0654965,1.01976990585389,276.417527415437,580.217399939373,"94"
"beta_r[72]",1.53587287275,1.53767,0.363207745767196,0.363800388,0.9421451,2.1414265,1.01916737851894,273.124461883576,626.135951694136,"95"
"beta_r[73]",-0.700304529508,-0.704525,0.362208522546297,0.3574207602,-1.3007045,-0.09958839,1.01908067703731,270.781025120329,531.965327938341,"96"
"beta_r[74]",0.00349433819570007,-0.007842765,2.29938603883476,2.31092862,-3.784511,3.7719445,0.999972609302974,8535.48860282483,2427.53617272287,"97"
"beta_r[75]",-0.0128670000627501,-0.0242076,2.15585179302897,2.11337217,-3.6043795,3.4427935,1.00072363493982,9886.19289314882,3011.93911086585,"98"
"beta_r[76]",0.0244613969664999,0.0281237,2.27973960750403,2.265583299,-3.7803545,3.7916185,1.00000885544753,8073.36334908701,2414.78804582802,"99"
"beta_r[77]",0.02975714779625,0.03402535,2.19520744237331,2.15544783909,-3.634982,3.633466,1.00182809831252,10521.9508952556,2735.85463248643,"100"
"beta_r[78]",0.02134155845,0.0487988,2.19436300641075,2.15762778,-3.631123,3.666637,0.999990862697061,8404.33875141698,2851.58409339852,"101"
"beta_r[79]",-0.04202738828775,-0.02641165,2.28805632781714,2.20104327471,-3.7066985,3.664169,1.00094377059533,9169.16833577028,2228.80623640512,"102"
"beta_r[80]",0.0298144308165001,0.0207294,2.29514139898143,2.27296575744,-3.7209685,3.7615975,1.00037141607686,10515.9493990405,2662.51901372959,"103"
"beta_r[81]",-0.004539402195,-0.01947835,2.18448827816546,2.232988338,-3.5971815,3.5681865,1.00024434193153,9902.7433992397,2971.11955563392,"104"
"beta_r[82]",-0.0018424066947501,0.0002030055,2.22180952476773,2.16770946,-3.7163655,3.664761,1.00181328643218,10532.3414210582,2363.26083675512,"105"
"beta_r[83]",0.00708569410499995,0.04418055,2.28492505927496,2.28011359443,-3.7936965,3.7498385,1.0013010479821,9450.55357578983,2805.35357005531,"106"
"beta_r[84]",-0.01224181028625,-0.00645463,2.29189999375051,2.254590368562,-3.8631605,3.737386,1.00223355765821,9076.94147938859,2653.45789675611,"107"
"beta_r[85]",-0.00143767416075002,0.0338542,2.23276662418616,2.208770067,-3.644989,3.5455545,1.000132136121,11861.1573812102,2512.20955854931,"108"
"beta_r[86]",0.013022360359625,0.008150815,2.16943763008451,2.149243677,-3.580211,3.585468,1.00075031091646,7917.19155788715,2883.42525336626,"109"
"beta_r[87]",-0.01312949364475,-0.039556,2.24584149427664,2.300943309,-3.617229,3.7500855,1.00099818336813,8310.10473630492,2592.99653945633,"110"
"beta_r[88]",-0.0375751941355,-0.04864635,2.14466476819482,2.16300420651,-3.491843,3.483222,1.00048633634947,9322.55071176627,2871.10199112705,"111"
"beta_r[89]",-0.00638966211725003,0.02533135,2.247025882148,2.23344253251,-3.7408375,3.724666,1.00023596518906,10053.7766896828,3004.37587675364,"112"
"beta_r[90]",-0.00610167355399994,-0.002683195,2.24842040629462,2.307123074907,-3.6380295,3.70891,0.999761938918942,9648.05873493826,2459.07596165382,"113"
"beta_r[91]",-0.021173860094,-0.0318206,2.16689116985567,2.192772813,-3.5031875,3.559113,1.00241122071697,10630.7578896203,2862.35277012094,"114"
"beta_r[92]",-0.00357825564250003,0.009008595,2.17260472978182,2.200741788,-3.548288,3.5277365,1.00110748782516,9591.02298941899,3173.07998542578,"115"
"beta_r[93]",0.0158218590075,-0.00970274,2.25852125337517,2.200619829324,-3.726722,3.7326775,1.00200168128944,9282.74889211333,2480.17210655453,"116"
"beta_r[94]",-0.01876098222375,-0.004026025,2.27986417967378,2.222114986665,-3.853273,3.66476,1.00182901702037,9047.48946912603,2895.61478726001,"117"
"beta_r[95]",0.02684285824325,0.0310855,2.23824197171917,2.2319883243,-3.65948,3.658795,1.00096685849565,9821.70822860399,2871.87017483218,"118"
"beta_r[96]",-0.0108534616049251,-0.04296785,2.31420037250227,2.30535723159,-3.784659,3.962104,1.00263096771431,13413.5176738956,2676.47149469592,"119"
"beta_r[97]",-0.0207884286670501,-0.02323745,2.24442178828133,2.310898968,-3.6840875,3.534475,1.00001256148282,8873.09699266298,2960.60377365324,"120"
"beta_r[98]",-0.013937956419,0.01326555,2.24722119113477,2.272936995,-3.71356,3.7261175,1.00137003112491,10091.2429092949,2751.11617073865,"121"
"beta_r[99]",-0.00928451039449995,-0.0459346,2.23330109296494,2.21605022604,-3.6985625,3.6335835,1.00185572796201,8982.6912255021,2891.83316374443,"122"
"beta_r[100]",-0.00339116623250002,0.034484,2.22238657322528,2.214181557,-3.73466,3.596278,1.00350014544537,10390.581494663,2752.51280582684,"123"
"beta_r[101]",-2.05373245375,-2.047385,0.469892297932577,0.47939871,-2.831534,-1.314994,1.00704440323668,374.08879751798,701.946055606387,"124"
"beta_r[102]",-0.0165696264385001,-0.0349107,2.20107723140206,2.15350511418,-3.6171925,3.662667,1.00186643949952,9676.61349276766,2589.10879987064,"125"
"beta_r[103]",-1.861741409,-1.844355,0.467228130740654,0.480747876,-2.6405835,-1.129384,1.00722601215664,375.061097601266,611.163551957552,"126"
"beta_r[104]",-0.224620505825625,-0.2162565,0.471008671884776,0.4740279915,-0.9962852,0.51960905,1.0064160216263,380.30068823159,727.710161710468,"127"
"beta_r[105]",0.0107008775439501,0.0332517,2.2495429221117,2.245375461,-3.5998785,3.6156615,1.00016722299513,9819.21642056964,2914.97492942586,"128"
"beta_r[106]",-0.981853195948,-0.97202,0.466599429685626,0.477241527,-1.758526,-0.2502675,1.00645176494562,367.199525314035,631.885647616134,"129"
"beta_r[107]",-0.0157643027325,-0.051049,2.21985718814038,2.231424195,-3.6163755,3.635054,1.00342106446122,10208.2140654047,2710.92142014352,"130"
"beta_r[108]",0.00770004175025002,0.0092087,2.16189952420453,2.149458654,-3.58239,3.532818,1.0011516010351,9822.91084224,2796.11129620178,"131"
"beta_r[109]",-0.01632380485375,0.01322575,2.27602233592407,2.26063771605,-3.7252365,3.6718155,1.00275433075578,10956.8633236924,2681.76936427023,"132"
"beta_r[110]",-0.00562063220079999,0.02366335,2.24404454099443,2.21095934829,-3.761869,3.719078,1.00053839486691,9884.69802780907,2712.130466664,"133"
"beta_r[111]",-0.0064353994375,0.04853555,2.20315401961705,2.186138178,-3.648719,3.5667515,0.999923442393748,8759.33516714271,2757.46785214615,"134"
"beta_r[112]",-0.41842883566595,-0.405643,0.469128129380077,0.47502971019,-1.198541,0.3249756,1.00693944672488,370.074210972298,545.887283850326,"135"
"beta_r[113]",-0.4242050983445,-0.413556,0.465586023352961,0.47540784732,-1.1989745,0.30661435,1.00693248552638,374.929871927958,568.511407019641,"136"
"beta_r[114]",0.00234230296699998,-0.0186312,2.18174387416417,2.20055082912,-3.683875,3.581822,1.00367733541351,10296.2902171074,2445.06749602523,"137"
"beta_r[115]",-0.804770429315,-0.7898435,0.467505353212497,0.4768508619,-1.588091,-0.0686313100000006,1.0074127045346,368.430487881003,681.327538935454,"138"
"beta_r[116]",-0.0124820295762501,-0.005757755,2.2373638043076,2.185760115,-3.64301,3.726018,1.00142447673811,8036.68501065761,2524.82812267142,"139"
"beta_r[117]",-0.025437475572,-0.0210255,2.26332466528033,2.301313959,-3.814835,3.7066805,1.00120017567191,9302.37624206337,2419.75568407439,"140"
"beta_r[118]",-0.8148113697225,-0.808986,0.472952986220874,0.4823705817,-1.603616,-0.0544323050000001,1.00685396255365,382.109758171207,741.204290601783,"141"
"beta_r[119]",-0.00668215055932499,0.0117283,2.20121122106357,2.19277770558,-3.688039,3.5932205,1.00035711001335,9070.74740134005,2706.30719824011,"142"
"beta_r[120]",0.12055805336225,0.128069,0.46642298592429,0.4726350888,-0.66176175,0.84703765,1.00684732867531,378.195963953959,717.345833948997,"143"
"beta_r[121]",-1.69102792225,-1.68331,0.468135061809442,0.476559531,-2.473209,-0.95889125,1.00706564445687,370.551640576592,619.294043753832,"144"
"beta_r[122]",-1.2327361771625,-1.22039,0.469363703516753,0.4743460092,-2.0109395,-0.4997205,1.00670914381467,370.991295012546,543.866700069741,"145"
"beta_r[123]",-0.015283120515,-0.03135565,2.29228613925991,2.238451719,-3.830476,3.840986,1.0020132259983,8450.83161428352,2570.78037691398,"146"
"beta_r[124]",-0.00365838800525003,-0.00733749,2.25669321967555,2.241001791,-3.7194985,3.740035,1.00150205565593,8477.28841961414,2004.96209104317,"147"
"beta_r[125]",0.020180816085,0.05711765,2.3628225660061,2.42572285389,-3.893068,3.9635765,1.00387038111517,9989.23232109494,2730.69765012922,"148"
"beta_r[126]",-0.01842067226965,0.0020838,2.21125159927484,2.17516515888,-3.6183495,3.636451,1.00601059692179,8784.2871946936,2738.60508671437,"149"
"beta_r[127]",-0.00641648853915,-0.0179749,2.25160323134277,2.16983684274,-3.662871,3.663846,0.999641587100484,10662.1369229479,2734.10134963638,"150"
"beta_r[128]",-0.58711692359575,-0.5731215,0.466326192257609,0.4729612608,-1.3730745,0.15317555,1.0071379749957,371.639323488687,552.590708902504,"151"
"beta_r[129]",-1.0568403103925,-1.043025,0.469783424925239,0.4820644248,-1.840224,-0.32151705,1.00713748080825,374.577081557396,688.097907832453,"152"
"beta_r[130]",-1.71137595,-1.69631,0.465904024068805,0.475573602,-2.4830985,-0.9804595,1.0071451207688,373.81310143188,643.38278501756,"153"
"beta_r[131]",0.00318304224899998,0.01845375,2.26526168387399,2.246302086,-3.7095545,3.662189,1.00198408757332,10054.9625880963,2666.91003811517,"154"
"beta_r[132]",-0.00396782204225005,-0.002425285,2.18472213322721,2.201193981,-3.579764,3.601056,1.0023441446913,11089.8123378375,2976.5087172321,"155"
"beta_r[133]",-0.01794451845,-0.0441316,2.23498315468551,2.23599297516,-3.6070715,3.681352,0.999957635821391,9585.2052864078,3075.71758513499,"156"
"beta_r[134]",-0.00100415707250005,0.025327,2.20402407046055,2.1731683932,-3.7257465,3.6344435,1.0031576502854,11238.2626301274,2956.10520690263,"157"
"beta_r[135]",-0.0063696531425,-0.0016922935,2.15672477821071,2.131778649,-3.592597,3.6157735,1.000917257724,8742.49727664288,2859.67145012495,"158"
"beta_r[136]",2.48357695225,2.499925,0.468848492361648,0.477515808,1.7039135,3.223645,1.00715899488825,371.699215271618,612.97903765763,"159"
"beta_r[137]",-1.65912972955,-1.64511,0.466382493177666,0.480317922,-2.4330175,-0.9329062,1.00725356281632,362.516321287724,644.112027755612,"160"
"beta_r[138]",-0.0240478207739999,0.04015705,2.21254197965262,2.200237704,-3.7247705,3.64566,1.00437198596251,9788.8396659497,2842.33748774147,"161"
"beta_r[139]",0.9735096135025,0.9821955,0.469118604368949,0.4804009476,0.19825345,1.706141,1.00719218111643,367.893046734418,612.903469090172,"162"
"beta_r[140]",0.01131236419,0.0202017,2.31089156800991,2.240253078,-3.7520935,3.7320765,1.00238723594125,8657.77722895622,2060.58159149463,"163"
"beta_r[141]",0.0192648434797499,0.01230405,2.17065763599891,2.19950982153,-3.4945985,3.5847395,1.00041655817823,9395.26361339638,2628.97723094393,"164"
"beta_r[142]",-0.0416421180452501,-0.0480894,2.16890534022638,2.16553092756,-3.60863,3.5177475,1.00064881966708,9430.34454922046,3133.94821422485,"165"
"beta_r[143]",-0.815548944297025,-0.8030985,0.466762635875126,0.479331993,-1.587065,-0.076360825,1.00705544492119,375.30980700451,635.296591535217,"166"
"beta_r[144]",-0.000735709574999892,-0.0156291,2.28385934108381,2.26649376366,-3.803265,3.690992,1.00072058967358,10956.0253702313,2820.75526174185,"167"
"beta_r[145]",0.9070411583,0.912929,0.467814252932261,0.476077686,0.14435345,1.6487645,1.0074044141962,369.302250308623,483.119054905474,"168"
"beta_r[146]",0.00587154723000001,0.009721065,2.24921851049611,2.167175724,-3.690297,3.7363795,1.00177673592318,11762.1560848117,2854.84531456775,"169"
"beta_r[147]",-0.0416466927685,-0.0599054,2.15014944429184,2.09184422496,-3.54238,3.54223,1.00156046870254,11629.2812053174,2594.39452315943,"170"
"beta_r[148]",0.013106020521,0.0210155,2.23844054363613,2.2323738003,-3.717407,3.733728,1.00078281583509,7781.76597118466,2825.54955649565,"171"
"beta_r[149]",-0.000327541642499927,-0.02830075,2.20356560811632,2.22974996895,-3.6388815,3.6560895,1.001107181597,9383.46538091941,3174.36244376458,"172"
"beta_r[150]",-0.01338582546725,-0.05121155,2.25810372280216,2.212750848,-3.7027955,3.7103605,1.00088008610906,10237.1729458317,2940.83082452876,"173"
"beta_r[151]",0.00302396075575002,-0.00786237,2.27842236072975,2.270794638,-3.780228,3.784899,0.999993204462891,11222.5736409031,2662.79201641521,"174"
"beta_r[152]",3.91041553,3.927435,0.465352508995467,0.4685016,3.127133,4.6245545,1.00624798406356,377.458104826126,682.827120302009,"175"
"beta_r[153]",-0.0266314218079999,0.02347215,2.25670832878829,2.25371189841,-3.768716,3.6996785,1.00172214171571,10855.6085715284,3052.09787985769,"176"
"beta_r[154]",-0.00976016753274997,-0.01116872,2.20428114324721,2.148650637,-3.647205,3.6152435,1.00073413297085,9897.29348859622,2434.79850430455,"177"
"beta_r[155]",0.0261153887642499,0.0439658,2.22146068058266,2.244663813,-3.6626655,3.71136,1.0004237926013,7708.7533618626,2788.16338664153,"178"
"beta_r[156]",-0.000362648902749945,-0.0332922,2.25859425767297,2.30377181328,-3.6957365,3.7462895,1.00419071547066,8315.6805173332,2717.47164374868,"179"
"beta_r[157]",-0.00329152464175006,-0.00765537,2.23320104860918,2.223410193438,-3.6000695,3.689374,1.00118522024707,10120.89217494,2726.87898905275,"180"
"beta_r[158]",-0.00762464207175,0.02531105,2.22554215064339,2.240468055,-3.5933805,3.5729615,1.00102377691609,11452.735396971,2922.30447958474,"181"
"beta_r[159]",0.0279220175575,-0.010167505,2.18132302731135,2.193158289,-3.523495,3.607407,0.999458579650677,11007.4379003452,3190.66412955699,"182"
"beta_r[160]",-0.011162428141,0.00582528,2.26726589899459,2.214314991,-3.821966,3.681865,1.00285619858596,10793.2338494403,2679.15895347248,"183"
"beta_r[161]",-0.0170659876075001,-0.02583165,2.22500246224218,2.20170792429,-3.673881,3.712225,1.00040734180827,10024.9378503762,2954.18912045779,"184"
"beta_r[162]",-0.0400517889487501,-0.01580115,2.21833443945482,2.222454465,-3.72184,3.646054,1.00168322523043,7752.95370136746,2751.12514612782,"185"
"beta_r[163]",-0.03831366243975,-0.037643,2.20017728342619,2.1954311148,-3.623191,3.6041955,1.00193813271395,8453.69702636268,2982.44991559319,"186"
"beta_r[164]",-0.03015250946115,0.00322599,2.22229138717833,2.229458282226,-3.748158,3.543993,1.00029653116281,10104.8650318804,2614.68034765354,"187"
"beta_r[165]",-0.0215395500275,-0.00396227,2.2971846723208,2.290561743498,-3.762482,3.732697,1.00109877691644,9084.61774793513,2778.37938975303,"188"
"beta_r[166]",0.00157540751249995,-0.00249029,2.25253283456891,2.18846586,-3.727041,3.7393115,1.00011831639629,11518.3968715928,2917.54459472844,"189"
"beta_r[167]",0.0344601295225,-0.004530365,2.31373250307583,2.296116904851,-3.7369895,3.8590675,1.00166840275297,10934.8522883819,2760.85127240495,"190"
"beta_r[168]",-0.00973074367750002,-0.008545305,2.19076237306482,2.144054577,-3.622758,3.614353,1.00272746433944,10063.0084237607,2835.96854603657,"191"
"beta_r[169]",-2.67625165705,-2.70423,0.930241578385778,0.95019834,-4.2101135,-1.155315,1.00198026454702,2300.13861040389,2951.05211047503,"192"
"beta_r[170]",-0.0260999260225,-0.03770235,2.29132936736456,2.300743158,-3.7774405,3.7678865,0.999758163723442,11195.7274229118,3007.68833304572,"193"
"beta_r[171]",-2.1716546211125,-2.19889,0.927883647962126,0.943445097,-3.6822725,-0.651314,1.00191108482841,2291.44475444969,2977.67724078208,"194"
"beta_r[172]",0.0371219495095,0.03052235,2.20205025683221,2.13391752189,-3.665218,3.680614,1.00131419347967,10578.1334176126,2562.96781339626,"195"
"beta_r[173]",-0.0376194097499999,-0.0538748,2.27670996657869,2.22383357952,-3.8438415,3.7393125,1.00031474290178,9030.30093722814,2438.08185827007,"196"
"beta_r[174]",-0.00302978608249999,-0.01058975,2.19418667501056,2.198799582,-3.5096745,3.533449,1.00277133531351,9932.59183156009,2363.47118039932,"197"
"beta_r[175]",0.00604950083125006,0.02115295,2.2656069265052,2.184099603,-3.750489,3.754509,1.00132597441435,8985.65836247851,2657.24388022026,"198"
"beta_r[176]",0.00366174204475001,0.05112935,2.23482582388716,2.26126055631,-3.6758235,3.641649,1.00012648237567,12184.7686841428,3088.66995001229,"199"
"beta_r[177]",0.00102186939524997,0.0229095,2.22646231403094,2.300913657,-3.574008,3.661347,1.00101674904657,10675.5839878516,2714.87976661169,"200"
"beta_r[178]",0.00350030914024998,0.0210702,2.23202829926787,2.22745853652,-3.6756165,3.721126,1.00041937451654,9358.56010353042,3036.89060125132,"201"
"beta_r[179]",0.00409164392850003,0.025131,2.30016789243533,2.2575490896,-3.798141,3.825879,1.00109180272871,10190.2825567359,2515.28851006865,"202"
"beta_r[180]",0.0106524015105001,-0.01496115,2.24107282183069,2.127167763,-3.6729015,3.739189,1.00256138860642,8289.30949639717,2496.91760190287,"203"
"beta_r[181]",-0.0120334676374999,-0.0619196,2.3274218459379,2.328460365,-3.7372035,3.8454775,1.00106271255107,8182.75782496225,2198.02366827532,"204"
"beta_r[182]",-0.0711808436058,-0.05711565,2.26042870359699,2.266332012,-3.77049,3.673125,1.00146652268856,10529.6276043521,2513.70608550337,"205"
"beta_r[183]",-0.0277050088405,-0.03946075,2.25319408916465,2.25578961405,-3.709598,3.6700165,1.00056360830863,9644.39379572159,2389.2909142957,"206"
"beta_r[184]",0.00573161585152505,-0.01233375,2.23297102659126,2.10613893525,-3.667443,3.72671,0.999961295150834,10568.371980541,2629.06905261773,"207"
"beta_r[185]",-0.00132767064200005,0.01188155,2.24053664615904,2.24019607203,-3.7365235,3.6757045,1.00031748276923,8022.14032758338,2466.0870737855,"208"
"beta_r[186]",-0.0110566326914999,-0.00166531,2.2053671917326,2.205190047606,-3.6784505,3.600539,1.00373745934407,9570.30204666877,3118.00207194364,"209"
"beta_r[187]",0.00118550189000001,-0.0222163,2.2262452198087,2.22739345038,-3.5970115,3.662568,1.00087944473231,9004.17910431988,2793.10342411976,"210"
"beta_r[188]",0.03615458810075,0.03544645,2.31690636781167,2.31277972023,-3.718752,3.835965,1.001124257965,10866.0441539178,2206.85955975456,"211"
"beta_r[189]",0.00497917018749994,-0.0214884,2.29957983834558,2.19936297,-3.788192,3.8613115,1.00090847364555,9460.36809303765,2416.88315073175,"212"
"beta_r[190]",-0.0079251695955,-0.02851925,2.28571395429521,2.262751533,-3.764286,3.7790325,1.00240966328248,9475.0225062427,2857.55238492035,"213"
"beta_r[191]",-0.00123310203574996,-0.009658725,2.16214302872749,2.150201844315,-3.5636875,3.548182,1.00268403224046,10162.2497666072,2814.66323464707,"214"
"beta_r[192]",1.90336424999777e-05,0.01386655,2.27104785385139,2.25853123797,-3.7429645,3.6526935,1.00172647999654,9753.48921657406,2468.26524530772,"215"
"beta_r[193]",-0.0002298958215,-0.0132692,2.20104857184498,2.20714039308,-3.6107785,3.566444,1.00182606631128,9560.65306151388,2555.30805390129,"216"
"beta_r[194]",0.02695091546695,0.0594552,2.18442563134632,2.10826490952,-3.633533,3.685565,1.00104936461088,9630.35644573453,2779.08493975914,"217"
"beta_r[195]",-0.010117585254625,0.02244445,2.20328684119057,2.24146962543,-3.6516505,3.6410915,1.00097886681623,8527.26787230486,2801.51310682667,"218"
"beta_r[196]",0.0234597440907501,0.0322401,2.24125188495627,2.15068936026,-3.7159705,3.6900035,1.00219449453259,9648.72776012541,2609.05827135579,"219"
"beta_r[197]",-0.0334698192715,-0.03423985,2.23610969058918,2.235449454,-3.751878,3.5722405,1.00056289381925,9820.14306192388,2725.91762136643,"220"
"beta_r[198]",0.0259931156672501,0.0119991,2.18758992034075,2.19931241334,-3.56416,3.5426755,1.00030866918526,11256.4466833538,2940.06901644177,"221"
"beta_r[199]",0.00599837904799998,0.04841275,2.18177831101084,2.202713646,-3.5797645,3.499804,1.00020258855672,11018.4668067538,2806.71839257704,"222"
"beta_r[200]",-0.013571721205,-0.02731835,2.17169998532128,2.111711658,-3.588166,3.623309,1.00063813238016,8230.28611010707,2475.38507926407,"223"
"beta_r[201]",0.03902092406175,0.04599335,2.21366691464729,2.16830005371,-3.6368555,3.5640545,1.00093479702601,12078.2157055514,2830.9484509562,"224"
"beta_r[202]",-0.021521256859,-0.00488592,2.19441216952603,2.175685848,-3.604332,3.6312915,1.00074557166265,11550.6995538581,2695.16079181373,"225"
"beta_r[203]",-0.00429409028899995,-0.002608085,2.3028561696625,2.257050936,-3.809028,3.7509645,1.00129318129049,10483.0718497929,2576.93705759091,"226"
"beta_r[204]",-0.00664039489950009,0.0133987,2.2692869292021,2.232788187,-3.6919465,3.6944015,1.00028872324334,12081.9341227845,2986.07191205067,"227"
"beta_r[205]",0.01478566511825,-0.01171125,2.19043690699254,2.09216172375,-3.637304,3.5843345,1.00181156835055,9364.92573703792,2927.03646905481,"228"
"beta_r[206]",-0.02460164902975,0.0123873,2.26807358674631,2.191712754,-3.826523,3.70065,1.0019795603084,9486.66729800244,2732.91781599343,"229"
"beta_r[207]",0.0180359572574999,-3.74749999999999e-05,2.25611887349806,2.262147410565,-3.7434105,3.8015115,1.00312598959291,10004.6575571538,2253.3692999408,"230"
"beta_r[208]",-0.0171036415255001,0.00538686,2.26970275998615,2.331521934,-3.7938385,3.7530115,1.0031008107541,9442.3191240625,2722.07720946411,"231"
"beta_r[209]",-0.0318243513295001,-0.01086075,2.21785613135101,2.20668590205,-3.7094115,3.5409445,1.00196143450917,11364.2436641563,2195.46235949735,"232"
"beta_r[210]",0.01774946736625,0.01419675,2.20339817811216,2.196494139,-3.519117,3.633667,1.00007838278053,8410.94048109337,2848.95358330617,"233"
"beta_r[211]",-0.02379497341875,-0.0143174,2.21629880299136,2.15600047824,-3.7026225,3.63111249999999,1.00386524296484,9391.37484417692,2762.68283151614,"234"
"beta_r[212]",-0.0141086711000001,-0.02596255,2.21511730094804,2.17522260963,-3.680641,3.6461235,1.00146565647785,9715.62641266883,2674.99473604971,"235"
"beta_r[213]",0.0136210153405,-0.0210539,2.21903006923542,2.24068466286,-3.603965,3.730877,1.00297448302221,9893.45450874061,2896.49034564806,"236"
"beta_r[214]",-0.05155152045675,-0.04415085,2.25650185860899,2.27860920021,-3.709626,3.6585455,1.00062718869023,10651.4985343436,2652.20885674869,"237"
"beta_r[215]",-0.0121369791788351,-0.0183261,2.2378762856955,2.27113726686,-3.7019725,3.5714445,1.00424082957156,7895.00778321249,3048.61245266836,"238"
"beta_r[216]",-0.00662782968150003,0.02153655,2.17524117460736,2.199222123,-3.5183295,3.4831605,1.00096261042821,8639.83526183822,2952.96594950236,"239"
"beta_r[217]",-0.00581875332949995,-0.0158792,2.16291403626901,2.12449167,-3.6103015,3.5385085,1.00106880900234,9579.63750625423,3214.08512769645,"240"
"beta_r[218]",-0.0100205817504999,-0.0145035,2.24024603578441,2.2449358701,-3.714818,3.658609,1.00072626339657,9163.9736401835,2917.86405427844,"241"
"beta_r[219]",-1.35290109622,-1.359965,0.436890217088391,0.429094092,-2.0557235,-0.6316071,1.00675369800386,395.457338496262,861.956241354969,"242"
"beta_r[220]",-0.01850915343195,-0.0283041,2.17682991015991,2.139703146,-3.66992,3.5587115,1.00165102517547,11970.6887383436,2338.02592508897,"243"
"beta_r[221]",0.0226365804375,0.06472555,2.17475718734972,2.153157741,-3.5654635,3.630312,1.0020720170262,10706.3103955368,2802.04331482127,"244"
"beta_r[222]",-0.0140651876975,-0.04285675,2.24353122984811,2.261083608,-3.609269,3.6636,1.00238745046138,9294.7877512899,2599.66467803557,"245"
"beta_r[223]",0.0243050636812499,0.038474,2.25205997676036,2.280928209,-3.6650525,3.614875,1.00037378092123,9846.81747474076,2841.7591354963,"246"
"beta_r[224]",0.019208916515,0.01245545,2.25708607245845,2.25029028,-3.730309,3.719194,1.0011607485977,8500.66676391865,2697.88940611813,"247"
"beta_r[225]",0.04237428161775,-0.006410595,2.31575545252063,2.244575739147,-3.813955,3.8676225,1.00207832146074,9412.66092872739,2574.98691855155,"248"
"beta_r[226]",0.00198076426934996,-0.01107075,2.24872959256774,2.224263237,-3.7244135,3.669503,1.00179275599534,10477.1078866865,2550.18135813124,"249"
"beta_r[227]",0.0356270343425,0.05409635,2.23143644662245,2.23135547649,-3.691174,3.7182825,1.00014279149112,9452.13884508756,2754.53632954042,"250"
"beta_r[228]",0.0240316633249999,0.00767606,2.26469068093066,2.289571767,-3.7712775,3.756987,1.00191274438163,8959.34513613457,2596.57406098134,"251"
"beta_r[229]",0.01301445628,-0.02094225,2.22817376731601,2.289186291,-3.6708925,3.5799765,1.00223937818219,8600.95924339838,2582.37790799856,"252"
"beta_r[230]",0.04296342159775,0.1048585,2.22418712250082,2.2377674991,-3.675596,3.677555,1.0021766197877,10618.2103794578,2716.87029532088,"253"
"beta_r[231]",0.03394150156275,0.0419086,2.24648036106072,2.26060383864,-3.609565,3.6919095,1.0029901772989,9041.16820357196,2309.67549614055,"254"
"beta_r[232]",-0.000417444279750066,-0.0407782,2.18961730643723,2.177761488,-3.5677765,3.6125925,1.00188334254134,9629.01102450785,2945.56951820854,"255"
"beta_r[233]",-0.019027601274,-0.0341933,2.23591456575526,2.225693946,-3.684382,3.596132,1.00247172829556,9865.60110343299,2643.00545263326,"256"
"beta_r[234]",-0.0221612946327501,-0.01178475,2.34805077132333,2.33556980265,-3.985355,3.852969,1.00154552480084,9585.54405204387,2608.72079888545,"257"
"beta_r[235]",-0.00593410512250004,-0.0136877,2.24161874451539,2.24494150398,-3.736049,3.7082235,1.00224741360509,11097.8663221231,2468.81146454891,"258"
"beta_r[236]",-0.00924639234150007,-0.0260641,2.21260040503125,2.146552758,-3.6677135,3.620322,1.00129620158501,10259.789295469,2620.00057330067,"259"
"beta_r[237]",-0.84596164684075,-0.852532,0.437578801398452,0.4359911472,-1.560783,-0.118550550000001,1.00709105540314,382.883450058974,823.409203756219,"260"
"beta_r[238]",0.0083040465268501,-0.00821854,2.22355176638875,2.257896018,-3.603653,3.6490675,1.0055689217353,8872.35052286964,2961.66492468072,"261"
"beta_r[239]",-0.921236059755,-0.9283645,0.43525973208362,0.4312935291,-1.619125,-0.201776,1.00706719777275,385.192668785818,794.08166383237,"262"
"beta_r[240]",-0.00918381852450017,-0.00337033,2.29951896465463,2.354206203258,-3.6465715,3.7228005,1.00384258445716,8755.0405207261,2904.32758453611,"263"
"beta_r[241]",0.01186737118725,0.0675249,2.20761098934519,2.205019089,-3.638196,3.5657185,1.00070908532395,9317.71976422087,2780.12516572185,"264"
"beta_r[242]",-0.335264232759425,-0.347452,0.434422014443416,0.42896199234,-1.0496045,0.3989074,1.00678479295324,371.498010129089,755.359618983706,"265"
"beta_r[243]",-0.29396862411175,-0.2989445,0.436949841226226,0.4262556543,-1.003351,0.43668455,1.0059498673266,380.230010335658,803.000170479736,"266"
"beta_r[244]",0.0176840509973751,0.04488645,2.26010295166422,2.27065164123,-3.676421,3.802433,1.00007173725133,11144.8689262085,2359.06362568754,"267"
"beta_r[245]",0.00983142050450008,0.01442175,2.31750368115854,2.183113674,-3.8376005,3.863661,1.0007537182794,8081.4586189934,2396.62600784641,"268"
"beta_r[246]",0.6971926800575,0.6873555,0.437922681701462,0.433326915,-0.019084525,1.4272045,1.00640082734431,393.890620630925,835.239658766486,"269"
"beta_r[247]",-0.0150145465525,-0.0293221,2.25560737704113,2.20356925446,-3.565598,3.7443555,0.999394334923628,10715.3438497978,2278.57210778422,"270"
"beta_r[248]",-0.00186172010650001,-0.005837555,2.28406084185158,2.216916954,-3.8710585,3.775057,1.00268104258641,10671.6596170718,2546.48605475579,"271"
"beta_r[249]",0.014206850631,-0.03743775,2.29359537979559,2.28582412485,-3.7800585,3.812687,1.00175607547383,12246.6432225539,2949.21579685035,"272"
"beta_r[250]",0.00715144762590003,0.002247135,2.21509929197846,2.193711098649,-3.688859,3.613346,1.00354480141035,10823.4922308523,2806.01744730341,"273"
"beta_r[251]",0.011882029674,0.0542033,2.26213075042388,2.199096102,-3.8170385,3.8088915,1.0009869268819,10293.005084182,2410.70727315966,"274"
"beta_r[252]",-0.0339539432615,-0.0462686,2.29470321367794,2.313204411,-3.7934035,3.771381,1.00187037189152,9002.5611467456,2299.99947097834,"275"
"beta_r[253]",-0.01223293286175,0.0131255,2.24977333963793,2.196975984,-3.775576,3.653207,1.00133013797094,9150.52042156669,2431.32496254564,"276"
"beta_r[254]",-0.00793202454750004,-0.0310774,2.14865941696066,2.063275116,-3.6014685,3.5683485,1.00193605616674,8959.37248220767,2702.69057134608,"277"
"beta_r[255]",-0.00856822630424996,0.00221616,2.23466308425797,2.205643500816,-3.7543565,3.669331,1.00210698247656,9585.09512809136,2730.46342603685,"278"
"beta_r[256]",0.00946669966749995,-0.02284675,2.24352379528708,2.24473534845,-3.680849,3.694714,1.00012771370247,8301.78366128461,2499.28385019172,"279"
"beta_r[257]",0.027622023865,0.04613445,2.26475914588412,2.294049219,-3.7004605,3.666576,1.00106892504826,10721.7785908751,2757.32102055521,"280"
"beta_r[258]",-0.0168060644975,0.01701605,2.2318178124771,2.30392177827,-3.751639,3.591751,1.00094020213627,10748.1716455651,2941.21684209403,"281"
"beta_r[259]",0.01224718441275,-0.0131231,2.25984753549594,2.16193754994,-3.6514165,3.5842265,1.00296105933833,8510.57076655693,2623.87328055411,"282"
"beta_r[260]",0.0535596471352501,0.07125055,2.28019069652155,2.22452187657,-3.7497565,3.8079115,1.00253106924266,9604.92570498469,2632.84583432976,"283"
"beta_r[261]",-0.0100473521105,0.02164675,2.29772035981352,2.26273188855,-3.8009665,3.740095,1.00087325566093,9839.91703302112,2743.15724198546,"284"
"beta_r[262]",-0.000252659171250008,0.01264565,2.20546693150458,2.14321045869,-3.6390315,3.6173065,1.00164702350174,8723.45528599065,2987.89647521644,"285"
"beta_r[263]",0.02626403762275,0.008239205,2.21391620078561,2.187562652667,-3.6388375,3.684622,1.00034074924953,11478.3084307952,2951.20779330867,"286"
"beta_r[264]",-0.0195108587355,-0.0143707,2.20265994217385,2.21664904818,-3.552373,3.5639545,1.00164263303612,9805.35946225162,2323.91666639075,"287"
"beta_r[265]",0.03812748648025,0.04679645,2.2069706657859,2.15006125677,-3.5297195,3.6781455,1.00005566979393,8215.18059868456,2859.06991477844,"288"
"beta_r[266]",-0.00929602414349999,-0.0333211,2.19484681717634,2.23779359286,-3.5683105,3.6351925,1.00014239120885,9288.17353661964,3087.30754293495,"289"
"beta_r[267]",0.0243260650687501,0.02112495,2.21927975638621,2.28068358,-3.5263295,3.7302855,1.00122374666869,10242.8073969376,2892.3859876712,"290"
"beta_r[268]",-0.81768324611375,-0.8322105,0.439983104161055,0.4272178617,-1.544497,-0.0813468650000001,1.00630654006284,404.291195691911,863.25313175229,"291"
"beta_r[269]",0.0188593070649,0.03668605,2.2065773524036,2.18715531573,-3.5343345,3.733758,1.00001892166649,9902.02965712516,2449.34195360813,"292"
"beta_r[270]",-0.232767587493025,-0.23943,0.436720863136475,0.42852759054,-0.9461144,0.49745955,1.00660364308586,385.022623061209,841.516032687008,"293"
"beta_r[271]",0.0183269549085,0.041849,2.26943060457859,2.2525349364,-3.7385695,3.743931,1.00089352842008,9662.49858861339,2739.65421286262,"294"
"beta_r[272]",-0.354415351993975,-0.3551535,0.437523678067792,0.43699649826,-1.0716185,0.366643449999999,1.0062072145911,406.174297032357,915.797347996688,"295"
"beta_r[273]",-0.042822331705,-0.0407649,2.23379018742946,2.20849563774,-3.7467335,3.628829,1.00152786927462,8845.99362570115,2825.56117517957,"296"
"beta_r[274]",0.0238926814381751,0.02876345,2.28187586674042,2.180430168,-3.755659,3.833493,1.00157539935672,10298.4172167561,2805.66917160907,"297"
"beta_r[275]",-0.00294768911000008,-0.007744065,2.24862048894871,2.175026091,-3.714243,3.734345,1.00164593802009,9869.47982977652,2660.23573669859,"298"
"beta_r[276]",-0.0230956052555,-0.04776155,2.2476293897797,2.26767887997,-3.730186,3.671687,1.00060544528809,10911.6858004519,3321.89215263938,"299"
"beta_r[277]",-0.0178907436449999,0.0133382,2.2733521716514,2.23420881432,-3.6745905,3.662532,1.00160416899187,9269.43817568916,2761.30198081101,"300"
"beta_r[278]",-0.003562470046,0.005331035,2.18605987549634,2.126900895,-3.5887645,3.6226435,1.00362052875502,9864.57152858539,2804.66647321525,"301"
"beta_r[279]",-0.00978118142999994,-0.00990736,2.2743949824335,2.306091429936,-3.7001315,3.715647,1.001446332435,13800.9506705059,2986.06315136878,"302"
"beta_r[280]",0.01563811449225,-0.01204495,2.31869137115756,2.29041692313,-3.808089,3.751716,1.00058246773937,10783.0917864146,2474.81242934746,"303"
"beta_r[281]",0.01866778007875,0.01737145,2.23007740638352,2.232899382,-3.6744645,3.6822415,1.00004407578466,9562.15398220167,3091.30887772274,"304"
"beta_r[282]",0.01132729445475,0.0235572,2.21284338050383,2.196190206,-3.574509,3.6482345,1.00422382895899,9561.72816669369,2802.06779192101,"305"
"beta_r[283]",-0.0439551585724999,-0.06223275,2.30822508647872,2.21441136,-3.8125465,3.753597,1.00382424253537,10579.5147772841,2232.73116142637,"306"
"beta_r[284]",-0.0200283102165001,-0.08663145,2.18760306888252,2.162994792,-3.603906,3.593601,1.00084226059832,9197.59781960542,2687.16450551714,"307"
"beta_r[285]",0.00903556843750005,-0.005911635,2.20499742529537,2.182194462,-3.550841,3.6225895,1.00525364874065,9122.58474331628,2760.94653697799,"308"
"beta_r[286]",-0.00358338729724992,-0.003046405,2.27695522050076,2.258822643,-3.8496105,3.7391005,1.00183342035985,11874.9792779252,2755.37818988104,"309"
"beta_r[287]",0.00693868204500001,0.00199781,2.25805215004371,2.190590144106,-3.7323455,3.7075925,1.00147661519934,9741.49255643023,2260.90004720934,"310"
"beta_r[288]",6.43489786,6.42573,0.436725554864881,0.438071235,5.7401215,7.162953,1.00653893091994,384.617554410483,826.288738631354,"311"
"beta_r[289]",0.073450241313475,0.069551,0.436184872654666,0.4313454201,-0.62783395,0.78647575,1.0058218119442,378.460713485567,820.872921612158,"312"
"beta_r[290]",-0.03318801176,-0.056602,2.29802010907695,2.3186336922,-3.8619165,3.806529,1.00296415646543,9900.00984237799,2708.33896816755,"313"
"beta_r[291]",-0.03206833895275,-0.0272525,2.20770585216284,2.1764568,-3.6289155,3.5856385,1.00103962718095,11337.9995905538,2386.36582675295,"314"
"beta_r[292]",-0.03343365922325,-0.03522455,2.28690467996361,2.35453863183,-3.808328,3.787298,1.0005790231459,10994.6435271395,2652.82257474811,"315"
"beta_r[293]",0.00343517538182491,-0.02495695,2.24561229607578,2.22656868,-3.7423975,3.684517,1.00018584830608,8914.66324366043,2713.30658108002,"316"
"beta_r[294]",-1.2455405827725,-1.259465,0.434466562199356,0.4295055135,-1.944961,-0.523570550000001,1.00663456887641,393.448811850669,784.203191237794,"317"
"beta_r[295]",-0.01701785530975,-0.0426652,2.211721390942,2.194603824,-3.6475925,3.7088855,1.00063345922403,9295.68183680386,2642.88560059449,"318"
"beta_r[296]",0.0184769154087499,0.003097595,2.15971448792319,2.041143745347,-3.5812455,3.6431345,1.00247890239816,10639.7624061314,2637.76626503734,"319"
"beta_r[297]",0.015450091241,0.00418796,2.28406062177039,2.217631626504,-3.680636,3.824566,1.00218915279403,11523.3804783855,2963.9686227558,"320"
"beta_r[298]",-0.00882036996375004,0.01682565,2.23323031985724,2.22354321231,-3.6388435,3.6627105,1.00080554932988,9320.82733594544,2589.60139376669,"321"
"beta_r[299]",0.02075197458595,0.0227769,2.27291952680227,2.31299225094,-3.7205525,3.7528715,1.00061558272351,9117.3201810166,2380.27355549337,"322"
"beta_r[300]",-0.012767044645,-0.00583551,2.28161966117823,2.281091295,-3.7425825,3.753028,1.00067045377304,11426.0838580859,2704.14849826675,"323"
"beta_r[301]",0.0030748055975,0.00781559,2.22227117291244,2.235012087,-3.6486925,3.6951655,1.00121449198535,10696.5029497502,2903.7984191507,"324"
"beta_r[302]",0.0273478590439999,0.0304263,2.28148547923333,2.250794364,-3.809714,3.8182775,1.00050794639327,11566.9366635148,2469.23559781843,"325"
"beta_r[303]",-0.03564154586825,-0.04062655,2.21964216512471,2.237873505,-3.6957185,3.524844,1.0091664944744,10361.0574799797,2816.42310158614,"326"
"beta_r[304]",0.0106733799115,0.0350543,2.18662975429946,2.266806444,-3.571881,3.575009,0.999882789048251,9297.38775999124,2760.5208666058,"327"
"beta_r[305]",-0.02403915496625,0.004979725,2.17739173029664,2.187049569285,-3.650814,3.491725,1.00079861832101,9995.44150875134,2723.01617769993,"328"
"beta_r[306]",0.02057191585925,0.00760387,2.13356303594652,2.087528776662,-3.510557,3.581196,1.00180530280358,9988.27815802933,2752.77549416491,"329"
"beta_r[307]",-0.0372114801305001,-0.0687788,2.3316830392381,2.24815355688,-3.8652225,3.7993865,1.00502143787422,8558.32144014287,2116.59759043896,"330"
"beta_r[308]",-0.0293134424985,-0.0562906,2.25862979054625,2.27546393844,-3.6383045,3.685218,1.00187506722824,9645.98861441803,2701.35320424283,"331"
"beta_r[309]",0.017625429789,0.004448325,2.20639758145001,2.223225417,-3.651726,3.632162,1.00166957641274,10469.0002908818,2610.70913761783,"332"
"beta_r[310]",-2.5048278675,-2.51625,0.437046838204812,0.430910277,-3.210695,-1.7634355,1.00694256605841,368.649410110916,909.924714664161,"333"
"beta_r[311]",0.048309708186,0.06743145,2.25397880330802,2.283456042,-3.5661405,3.6804375,0.999881009270533,7390.36751710057,2600.28536042588,"334"
"beta_r[312]",-0.01188383582,-0.01196985,2.22764107739016,2.24438930961,-3.611647,3.6189885,1.00255249180038,10095.7292053584,2578.11896100198,"335"
"beta_r[313]",0.01688378287925,0.01893825,2.15533908832937,2.20205648355,-3.566714,3.5581435,0.999546219962989,10495.7930368799,3108.0749406482,"336"
"beta_r[314]",-0.00771559296425002,0.0128594,2.23302280741197,2.18008917,-3.6875025,3.690868,1.00259082925212,10948.1950651531,3050.53989418658,"337"
"beta_r[315]",0.00901927478999999,-0.006068735,2.19924746933008,2.181495764511,-3.545556,3.6159875,0.999615319450899,10462.3644256652,2956.30500074823,"338"
"beta_r[316]",-0.0165648595915,-0.0196719,2.2188118489269,2.11789128306,-3.6569225,3.6660365,1.00435720234561,10065.110875603,2724.8161017661,"339"
"beta_r[317]",-0.0285741386442501,-0.0197079,2.19714390733503,2.165011128,-3.647964,3.480069,1.00199909864197,10066.2298626705,2265.72819960259,"340"
"beta_r[318]",0.00714593036175005,0.01911245,2.21518104015669,2.145581655,-3.7037655,3.79537,1.00130141379952,8866.63669584748,2714.90600642956,"341"
"beta_r[319]",0.00177136080849993,0.000933932,2.21024026260085,2.2098153,-3.6261365,3.5911405,1.00313139447855,8728.16169328898,2639.96475934563,"342"
"beta_r[320]",-0.01080886233375,-0.005683675,2.19303810384948,2.165821109445,-3.6239545,3.6051085,1.00553479729866,8948.18151069294,2588.14046270855,"343"
"beta_r[321]",0.0383916442567499,-0.01803365,2.14818179096364,2.079850584,-3.478738,3.6129875,0.999859813019112,9966.62727752985,3173.23640257818,"344"
"beta_r[322]",0.00675171600999998,-0.04533625,2.25438572882225,2.238770478,-3.6833165,3.7786475,1.00190659481885,10145.9947664551,3096.67052649147,"345"
"beta_r[323]",0.0355132513592501,0.00469806,2.20688982875065,2.222931773244,-3.526481,3.6598815,1.00461032401558,9645.18302679044,2606.9933270816,"346"
"beta_r[324]",-0.01676737726725,-0.03177825,2.21467764060378,2.19357601155,-3.6516735,3.631988,1.00344944468779,10663.1356324019,2663.62102982306,"347"
"beta_r[325]",-0.02114382416775,-0.0437919,2.28510296918222,2.243084844,-3.799958,3.73207,1.00358529127177,8937.29205657525,2150.31003523241,"348"
"beta_r[326]",-0.0281184203037499,-0.05300215,2.22960502326787,2.15239842741,-3.6817055,3.7531955,1.00177221465971,9790.56581998356,2755.86714376396,"349"
"beta_r[327]",0.00209851489824995,0.03489105,2.23615891118773,2.21837887173,-3.6811985,3.5958375,1.00265840527881,10624.8692912752,3134.17289196436,"350"
"beta_r[328]",-2.030663102,-2.039735,0.436131019171498,0.429798327,-2.742709,-1.3014515,1.00652597939737,386.854541828619,846.10023917729,"351"
"beta_r[329]",-0.037731106975,-0.0718741,2.19860783100205,2.146078326,-3.6396815,3.507835,1.00163396166475,9453.20368978922,2369.54905678255,"352"
"beta_r[330]",-0.00339049236424993,-0.001817767,2.22196943786987,2.2061714146458,-3.6949285,3.626174,0.999946906457904,10024.2624765803,2956.46812529977,"353"
"beta_r[331]",-0.000547635456500094,-0.0003188495,2.15694825655913,2.1022469627313,-3.544872,3.50205,1.00255490352963,10143.7617086773,2795.01142026212,"354"
"beta_r[332]",0.02354903015125,0.0567937,2.19240709863281,2.15547801,-3.611574,3.5516395,1.00055844170668,10110.8688576198,2697.70419429474,"355"
"beta_r[333]",-2.2213632495,-2.23196,0.437398310544757,0.43247442,-2.9309535,-1.489134,1.00705479813528,379.935195363853,814.896246848778,"356"
"beta_r[334]",-0.00863830069247504,0.00682536,2.24515893483547,2.305672803,-3.673638,3.489076,1.00475024462159,10235.2167188764,2666.02339710721,"357"
"beta_r[335]",0.062244765007,0.08889425,2.22124489391713,2.22687891405,-3.5705665,3.6709525,1.00199849342733,8329.10593911125,2703.73046013568,"358"
"beta_r[336]",-0.0377800061805,-0.0768861,2.20345331905589,2.144462292,-3.6061755,3.649447,1.00066126143698,9543.42936115004,2311.24963316522,"359"
"beta_r[337]",0.02553290716175,0.0681094,2.24936970617655,2.26631807556,-3.744976,3.7683585,1.00185989277944,9575.29665396738,2585.34289833746,"360"
"beta_r[338]",-0.00475143865074995,0.00895616,2.24415879286547,2.240149296,-3.68406,3.724289,1.00082849540456,11902.6040089648,2490.67994843987,"361"
"beta_r[339]",0.00173337899750003,0.0139258,2.17093597759311,2.216175654,-3.513008,3.484392,1.00134079373492,9356.11153447917,3061.14916464024,"362"
"beta_r[340]",-1.098541867125,-1.107725,0.435149558635073,0.4377420978,-1.8084875,-0.37061935,1.00669347302882,383.560234478523,806.267458370645,"363"
"beta_r[341]",0.0182588939125001,0.0269878,2.26565279798686,2.29928694828,-3.759274,3.7877175,1.00257694976426,9802.67351595446,2981.31267607237,"364"
"beta_r[342]",-0.00441730822299998,0.0348994,2.26969235652036,2.26968357756,-3.7711655,3.651004,1.00111404480731,9068.46180878945,2755.2519270011,"365"
"beta_r[343]",0.06603402516975,0.06491095,2.26492021672775,2.205804867,-3.673861,3.8033545,1.00008618443733,10230.1562221341,2560.94874403934,"366"
"beta_r[344]",-0.00977982518480005,-0.0299613,2.28117684758687,2.18088784662,-3.767012,3.73304299999999,1.00177218957133,8881.06732902516,2829.21926519066,"367"
"beta_r[345]",0.0401143631215,0.03163905,0.436646145084021,0.42912604203,-0.6647049,0.767240849999999,1.00669466915552,388.751223982818,933.658015883859,"368"
"beta_r[346]",-0.01510103339025,-0.05324315,2.22501356228977,2.20409713419,-3.673182,3.7290405,1.00110686699599,10506.9359756765,2663.62397605662,"369"
"beta_r[347]",0.00367035306800003,0.0344229,2.26835197279903,2.21898088146,-3.775153,3.7306655,1.00153372425022,10666.8485771061,2783.87016182936,"370"
"beta_r[348]",-1.07874694154825,-1.084005,0.434804176278953,0.4285373757,-1.774592,-0.357606200000001,1.00657285508174,394.83261822521,807.496696327051,"371"
"beta_r[349]",-0.01121835373,-0.0175608,2.16956361992227,2.180044692,-3.4714815,3.549841,1.00123675909124,9831.0802625657,2889.08684324899,"372"
"beta_r[350]",2.36778528225,2.36335,0.435858241527383,0.427559601,1.6490975,3.090267,1.00561615237427,386.552110093484,799.536457721788,"373"
"beta_r[351]",0.04109651939875,-0.0106891,2.1970368874795,2.268437304,-3.4565985,3.569983,1.00160645838075,9515.77881883171,2781.8446207677,"374"
"beta_r[352]",0.03717663429,0.04382775,2.24220941494512,2.17679372085,-3.6975095,3.7533085,1.0001279925276,9957.30133017352,2297.75578842845,"375"
"beta_r[353]",0.0348226356962499,0.0275041,2.2144995960489,2.20531694334,-3.4851405,3.657113,0.999916392068105,8938.45689748997,2789.29761185494,"376"
"beta_r[354]",-0.0286479213465975,-0.02396435,2.278969213608,2.28616823631,-3.7876235,3.6829065,1.00037588038069,11997.8149571187,3036.08156463124,"377"
"beta_r[355]",0.39997799168975,0.3913815,0.435689100361981,0.43262408847,-0.29815625,1.1217225,1.00652974515888,384.031970941867,888.407548840337,"378"
"beta_r[356]",-0.0140273147675001,-0.00708203,2.15782032719746,2.02982766,-3.6171865,3.5138705,1.00185501399387,8399.03780363775,2656.54045435313,"379"
"beta_r[357]",0.010968803605,-0.0118355,2.22014900460785,2.195893686,-3.6389245,3.67816,1.00134781975045,9627.84450877847,2912.87123022205,"380"
"beta_r[358]",-0.05856065038125,-0.04423695,2.22455607112144,2.15825336307,-3.8097215,3.595014,1.00147257618307,9574.58632046536,2864.33667759246,"381"
"beta_r[359]",0.018522028152,-0.0206045,2.23111075854642,2.2459544163,-3.591575,3.7311455,1.00199462142016,9025.72941951372,2666.89187407489,"382"
"beta_r[360]",-0.010692182775,-0.0172937,2.21502416897947,2.208073245,-3.675277,3.5863015,1.00002201584204,10185.4194866866,2924.56932854189,"383"
"beta_r[361]",-0.01829132357975,-0.0003921395,2.24456242068535,2.213588517,-3.7438335,3.5762265,1.00140892828283,11107.4576395083,2396.03462921892,"384"
"beta_r[362]",-0.0288641308689999,-0.01159485,2.32612472352457,2.36419821561,-3.8610765,3.724681,1.00077744336851,9163.0729243548,2522.65309227486,"385"
"beta_r[363]",-0.0636946037675,-0.06609945,2.20315270901882,2.20302580743,-3.716815,3.610966,1.00064730972348,9843.70967479019,2633.8761627365,"386"
"beta_r[364]",0.0225373884215,0.0011122995,2.25000806358648,2.1489437477613,-3.761479,3.74140299999999,1.00025683032824,9367.31605718772,3048.86740076558,"387"
"beta_r[365]",0.00751506080724999,0.05071405,2.18703996448024,2.17933904853,-3.621169,3.6360025,1.00124056315153,9177.3129388871,2721.60746171682,"388"
"beta_r[366]",-0.023628433104,-0.006839635,2.22162965613193,2.258466819,-3.654313,3.554378,1.00530095234855,10211.2535815841,2660.1407794181,"389"
"beta_r[367]",0.029585136018,0.0258948,2.17056526816776,2.143276212,-3.546488,3.5305775,1.00316904150991,8878.65190848415,3002.28042115231,"390"
"beta_r[368]",-0.00784147147199993,-0.00461456,2.23923307677525,2.20603467,-3.6427875,3.7036315,1.00155494812441,10541.2107897582,2611.78306838037,"391"
"beta_r[369]",0.00623388656250007,0.0316169,2.2162721204847,2.15003227194,-3.6064765,3.657328,1.00042660995979,9255.66837768952,2505.77576890811,"392"
"beta_r[370]",-0.0381248342889999,-0.0260951,2.19900923390073,2.188821684,-3.6311665,3.5700415,1.00273689728977,9030.13538048916,2649.44827689876,"393"
"beta_r[371]",1.444557410125,1.437355,0.434249584259099,0.429398025,0.74159175,2.1720995,1.00618799740194,383.321957389804,894.522946055256,"394"
"beta_r[372]",0.022999319427,0.0471365,2.22621726754955,2.2262299059,-3.7141535,3.7750535,1.00042583653476,8850.66809565817,3065.66460191347,"395"
"beta_r[373]",0.00817210505825003,0.0379785,2.22452068726435,2.177857857,-3.6664205,3.692906,1.00185227072518,10525.9688174525,2662.65242988481,"396"
"beta_r[374]",-0.01430936817,0.01125356,2.3233633214078,2.35355337,-3.8672515,3.7781995,1.00114222053466,10773.5402998286,2801.04796726542,"397"
"beta_r[375]",0.0127008228832499,0.04052175,2.19873889269305,2.140629771,-3.5945695,3.7179615,1.00321272029888,10555.4409233138,2862.81898613337,"398"
"beta_r[376]",-0.0170244783095,-0.0141205,2.20673804870818,2.2075699023,-3.546771,3.501779,1.00444908028811,9106.18461746259,2333.49196393714,"399"
"beta_r[377]",0.02731563655575,-0.01644835,2.25846600531365,2.328378822,-3.659377,3.8348605,1.00149629971925,10055.5725706836,2712.41666277515,"400"
"beta_r[378]",0.016938969025,0.01034612,2.1871123807724,2.142325687488,-3.5657075,3.605986,1.00128418063235,9113.147198721,2652.76152016136,"401"
"beta_r[379]",-0.02902381654725,-0.0240774,2.13211046374694,2.06965415076,-3.485343,3.4462045,1.00016506261878,9919.3962722203,2385.26811938324,"402"
"beta_r[380]",0.038003298934225,0.0541093,2.22855076806327,2.177161035,-3.6538075,3.7092885,1.0004699728551,9741.2036404241,2708.73411677023,"403"
"beta_r[381]",0.00701385124,0.0206365,2.2469246127885,2.231935692,-3.730522,3.6625215,1.00051350460578,9904.06687211797,2879.569863059,"404"
"beta_r[382]",-0.0307231924529999,-0.03663185,2.21440964210375,2.18050704081,-3.6929425,3.6212205,1.00109832077393,10440.7740401255,2493.10062653754,"405"
"beta_r[383]",-0.0145685921200001,-0.03505755,2.25729901050991,2.233336749,-3.7599575,3.749918,1.00262002062961,9584.30818555367,2305.99319717294,"406"
"beta_r[384]",0.00129931417999995,-0.03023525,2.2177871321034,2.233062468,-3.6372185,3.67113949999999,1.00067787910087,10562.6405380308,2752.92862407262,"407"
"beta_r[385]",0.0150196233555,-0.01600395,2.2596360882755,2.24072751,-3.7386065,3.8681005,1.00095216896909,10914.2252007888,2631.51289677397,"408"
"beta_r[386]",-0.035943802325,-0.04899655,2.28020245276724,2.25973674003,-3.728134,3.713586,1.00117886579479,9967.63699787871,2655.15343740063,"409"
"beta_r[387]",-0.0254374772485,-0.000751938,2.21515184138209,2.1989820337212,-3.6533925,3.52003049999999,1.00474387582247,10627.4953092166,2474.33061274488,"410"
"beta_r[388]",0.0213888375457,0.0300967,2.26555498885561,2.23161204042,-3.815887,3.7470385,1.00105719517649,8535.35471375871,3027.74978671023,"411"
"beta_r[389]",-0.0226145915435,-0.005059635,2.17428580634254,2.099606229,-3.555378,3.513768,1.00320187801375,9302.26508089387,2664.3792703914,"412"
"beta_r[390]",0.0159909549925,0.01449495,2.26554196057343,2.243588928,-3.7149555,3.7445375,1.001635358359,9711.88050042494,2776.39424752247,"413"
"beta_r[391]",-0.01311798523925,-0.00601852,2.17391680026206,2.147168037,-3.5741925,3.5130035,1.00299221680896,9424.87668790525,2778.40121442613,"414"
"beta_r[392]",-0.0248586172575,-0.0118879,2.24700660704828,2.274745767,-3.7417405,3.662712,1.00137546735877,10215.8717211528,2479.69039442737,"415"
"beta_r[393]",-0.01509734261325,-0.0199034,2.17429825101753,2.21282735016,-3.5690165,3.5688735,1.0024826042594,10940.0704715359,2431.46662738013,"416"
"beta_r[394]",-0.020671327384,-0.06665115,2.24063619264378,2.242439913,-3.666206,3.638718,1.00035148370187,10531.1900389712,2782.72210917017,"417"
"beta_r[395]",-0.0143287148374999,0.01626565,2.21476711864764,2.15973210831,-3.701698,3.6203125,1.00248598765558,9782.38468711339,2906.01062029033,"418"
"beta_r[396]",0.04291498254275,0.044609,2.24018582520797,2.1900537246,-3.6493995,3.7703215,1.0012230930788,9705.65885640342,2928.48686243193,"419"
"beta_r[397]",0.02344310818,0.04655335,2.27598374525315,2.31186762471,-3.661354,3.7597785,1.00456786594856,11014.8143619176,2566.43892818755,"420"
"beta_r[398]",-0.0163212743157499,-0.01549355,2.206670910705,2.18293361223,-3.628906,3.7018075,1.00130390396126,10650.8504574386,2628.26009874575,"421"
"beta_r[399]",-0.00541845429499996,0.00326913,2.21257337906491,2.219333592,-3.596724,3.623533,1.00006735416661,9129.09536327515,2803.25905235471,"422"
"beta_r[400]",0.00888700477449998,-0.0341635,2.23844838017351,2.2423605939,-3.5432025,3.7910335,1.00906473172023,10605.2455285289,2746.17976646696,"423"
"beta_r[401]",0.042622629629825,0.05643565,2.25620471891593,2.208562503,-3.716039,3.7108365,1.00223677571106,10686.5434674015,2971.62382418399,"424"
"beta_r[402]",-0.0215467448857499,-0.0516785,2.1888113909144,2.244426597,-3.634688,3.596147,1.00586903489914,8852.93382737144,2584.35401159397,"425"
"beta_r[403]",-0.00180276839499995,-0.0279577,2.25665716388423,2.188643772,-3.691257,3.669878,1.00143693166354,10395.4850161653,2701.47889683933,"426"
"beta_r[404]",-0.01508685929325,0.00381335,2.26464339841755,2.24888425629,-3.668986,3.692254,1.0015140545134,10855.3881418906,2431.42837178923,"427"
"beta_r[405]",-0.02283639703725,-0.0376978,2.24542030926878,2.16553418928,-3.718966,3.61251449999999,1.00044608630445,9409.78799097623,2449.11743951019,"428"
"beta_r[406]",-0.01082209824165,-0.00458499,2.28048942040101,2.235931299,-3.757538,3.7492435,1.00293678043141,8266.90563044447,2359.64686766801,"429"
"beta_r[407]",-0.00334537592299997,0.000525684,2.25816366438325,2.2703212200984,-3.647629,3.6587605,1.00133511022813,10816.3959525111,2550.30602831628,"430"
"beta_r[408]",0.0523485563180001,0.03071285,2.26406355404037,2.19548174559,-3.7036765,3.8628465,0.999831705270721,9531.23586849622,2577.50463027463,"431"
"beta_r[409]",0.0104235576550001,-0.02232225,2.16692237427735,2.14117425585,-3.515752,3.7002015,1.00176606037373,10191.5285535116,2473.15712696007,"432"
"beta_r[410]",4.914562795,4.91216,0.442760991777672,0.44048046,4.2077215,5.648512,1.00690681009193,396.855866209361,881.933445899824,"433"
"beta_r[411]",1.653238871,1.654045,0.510680165238029,0.519718017,0.81508775,2.500128,1.01250017757604,493.129948104595,879.984664653661,"434"
"beta_r[412]",-0.00653202949850004,-0.01535685,2.24577870272299,2.268578151,-3.652281,3.643693,1.00107920256523,10284.5668168424,2754.81913196461,"435"
"beta_r[413]",-2.151669357,-2.15754,0.513977303443923,0.517664616,-2.986668,-1.285714,1.01255460838444,504.389595666519,1044.37064607693,"436"
"beta_r[414]",0.000988755837499985,0.0211962,2.25075376015525,2.23950258588,-3.619522,3.7637285,1.0048352068606,10342.1448222363,2515.46476033444,"437"
"beta_r[415]",-0.0192061950334999,-0.04308455,2.24404295438763,2.250564561,-3.7066825,3.6450845,1.00310424053934,10608.4619874954,2822.1012322748,"438"
"beta_r[416]",0.0111296335041999,-0.0114355,2.23377176402551,2.289401268,-3.607936,3.69856,1.00074774537739,9121.57103181688,2828.35667330354,"439"
"beta_r[417]",-2.3444056745,-2.34488,0.509133008834812,0.517634964,-3.1834755,-1.490486,1.01216780539231,495.716201521287,889.349160073566,"440"
"beta_r[418]",0.018412055210275,0.0151714,2.2180662781365,2.149354872,-3.64597,3.63033699999999,1.00012271603507,10802.4246518833,2929.3866456775,"441"
"beta_r[419]",-3.9045442075,-3.903635,0.509254804562475,0.516048582,-4.722427,-3.057926,1.0120708565046,495.46873442933,969.780452597938,"442"
"beta_r[420]",0.04541229872,0.04200145,2.21968313456273,2.209022109,-3.670091,3.8184155,1.00009078405321,8760.681723393,3056.83912456756,"443"
"beta_r[421]",-0.00392680852374994,-0.002658585,2.22989081248213,2.236222503879,-3.7047085,3.6339495,1.00325653151099,9937.38205358998,3017.606903027,"444"
"beta_r[422]",-2.37294037175,-2.382915,0.512351162107383,0.515062653,-3.2186425,-1.5191365,1.01203038879073,494.873570068016,917.214193111819,"445"
"beta_r[423]",0.029601890257925,0.0239046,2.18958504078195,2.16339568704,-3.5040325,3.653261,1.00074495428014,8972.4634272069,2876.55050180737,"446"
"beta_r[424]",-0.0155470659600001,-0.03442545,2.18764073166332,2.20438831683,-3.671976,3.566147,1.00300175321378,9626.2734942621,2538.98543607507,"447"
"beta_r[425]",-0.000797188452249971,0.0011125005,2.29267639302368,2.2888193467587,-3.791155,3.744121,0.999768322268326,10470.2723268278,2968.41456698645,"448"
"beta_r[426]",-1.2633643016475,-1.270335,0.51313930663551,0.522312567,-2.091822,-0.4017595,1.01152204539682,502.701281028969,898.72690515402,"449"
"beta_r[427]",0.0054448335427499,-0.0138412,2.28046948081327,2.216272023,-3.7306475,3.826697,1.00039928076646,8722.02560163783,2539.32155539704,"450"
"beta_r[428]",0.021758982269,0.02796555,2.23063626835488,2.32375311,-3.6364015,3.5954855,1.00140128276846,13524.0842533955,3011.62454098436,"451"
"beta_r[429]",-0.02978125226575,-0.0105515,2.26865116255062,2.241713439,-3.696666,3.747751,1.00141443663111,10795.5240706981,2340.99383862272,"452"
"beta_r[430]",-0.30247090610975,-0.3016075,0.509098463103829,0.509955096,-1.1242165,0.55917505,1.01237227335469,499.482239761833,1060.65031586014,"453"
"beta_r[431]",0.0211460322775,0.008078105,2.25995051692574,2.219607873,-3.6314795,3.7397265,1.00627443911774,8428.94232081647,2611.6807877199,"454"
"beta_r[432]",0.02671279449975,0.0243506,2.28665565477154,2.279749542,-3.748286,3.85327,1.00112143668377,9864.63583206257,2192.92690332534,"455"
"beta_r[433]",0.018155733688,0.007274865,2.24744279688068,2.267058486,-3.678105,3.788821,1.00065713683149,9885.34069313706,3053.95592922435,"456"
"beta_r[434]",0.00829886023222507,-0.002540975,2.22035708331086,2.203024992,-3.585704,3.662747,0.999791320982614,10664.8311035573,3039.83169068493,"457"
"beta_r[435]",-0.00126988008749998,-0.005021655,2.2447534710991,2.201616522,-3.7150135,3.747489,1.00094749262042,10790.917671213,2793.87691849197,"458"
"beta_r[436]",-1.3629705817575,-1.366825,0.512106213810196,0.514143441,-2.2104385,-0.4981192,1.01205659773318,504.350591286996,939.410917818744,"459"
"beta_r[437]",-0.0150141058875,-0.00791584,2.25477960620494,2.261114505384,-3.6383,3.6698075,1.0030603459691,9200.7471520799,2494.81427288716,"460"
"beta_r[438]",-2.2279437325,-2.232555,0.51590969133184,0.523676559000001,-3.0706675,-1.3765565,1.01178591815507,509.141345389024,955.921486135565,"461"
"beta_r[439]",-0.5833877053445,-0.5827175,0.511101432730476,0.5147839242,-1.4250895,0.2772252,1.01251557154495,498.893996527094,969.761961356662,"462"
"beta_r[440]",0.01377622672875,0.00147676,2.17864850077324,2.131660041,-3.5701525,3.5989985,1.00163475797883,8538.41577518159,3017.814067198,"463"
"beta_r[441]",-1.852308560675,-1.86071,0.510269780827727,0.511282023,-2.679839,-1.005769,1.01273093031864,493.704138595837,1008.86581845298,"464"
"beta_r[442]",0.03535094011275,0.0427268,2.16722861141112,2.128932057,-3.5664755,3.612921,1.00016652602022,9903.44904216258,2546.43922602786,"465"
"beta_r[443]",-0.02888249068275,-0.030346,2.20792488459733,2.2248103164,-3.7500905,3.592344,0.999965241587888,9810.85808109513,2902.97201084432,"466"
"beta_r[444]",0.032861455949,0.0457184,2.14944641771749,2.14590545484,-3.4131335,3.577755,0.999926651428267,8013.11055739485,2528.79489989362,"467"
"beta_r[445]",0.00224686237500002,-0.009128035,2.17399767240547,2.136189384,-3.5328915,3.6408285,0.999698062022058,11048.727361235,2674.23312442035,"468"
"beta_r[446]",-0.010017844425,-0.006984535,2.14326832205345,2.113779885,-3.544456,3.5196375,1.0028495283626,9907.83948229986,2842.42225671947,"469"
"beta_r[447]",0.01038639944025,0.004547215,2.27067934618794,2.324898841041,-3.6847635,3.7105775,1.0001525969515,9353.55388107639,2895.12716185362,"470"
"beta_r[448]",0.00596360776449998,0.001025429,2.29823200000735,2.267873916,-3.8639605,3.7211835,1.00117041488578,10250.0268548327,3001.72199230203,"471"
"beta_r[449]",-0.00209645609250001,0.020098,2.24939258577676,2.225338122,-3.718432,3.7121475,1.00194222390215,10832.6084952058,2708.01460865836,"472"
"beta_r[450]",-0.0365705108975,-0.05492085,2.29052481068848,2.29456197621,-3.855236,3.7212425,1.00031294356329,10315.7236088481,2754.45215128634,"473"
"beta_r[451]",-0.0136001700325,0.01988525,2.27370078433079,2.27474613765,-3.762794,3.717268,1.00239739881228,7800.09417847269,2717.89388701602,"474"
"beta_r[452]",-0.0264789837275,-0.05583345,2.1436856506659,2.05871841903,-3.611853,3.54478049999999,1.00220309908045,9601.97633997466,2946.0506078543,"475"
"beta_r[453]",-0.00393740089575,-0.0202257,2.24227778113595,2.225130558,-3.717632,3.63082099999999,1.00191382460079,8421.10076681181,2819.20129936424,"476"
"beta_r[454]",-0.00719814843464997,-0.03102945,2.24054985951335,2.289341964,-3.7055995,3.694205,1.00130426629762,9435.42913881481,3018.19677660301,"477"
"beta_r[455]",0.0557068418315,0.02690485,2.25107210975227,2.21567876061,-3.712752,3.688075,0.999876739397285,8751.4212815683,2974.70205988145,"478"
"beta_r[456]",-0.00523988084790008,0.04129335,2.24505741290794,2.17634063829,-3.7440165,3.6357415,1.00066710446295,11095.5222193917,2758.13003081232,"479"
"beta_r[457]",-0.01962718610625,-0.0164992,2.27486791765672,2.282143941,-3.7789385,3.850202,1.00000524841952,11048.8722220766,2789.24563859833,"480"
"beta_r[458]",-0.0335102015774999,-0.00791598,2.30010157098952,2.308058336052,-3.8632695,3.7246115,1.00128473636927,10898.4210053259,2441.654040382,"481"
"beta_r[459]",0.02939917413545,0.03422475,2.16761194634315,2.14306901865,-3.566974,3.5900455,1.00199628096731,9854.25633430634,3137.63439160812,"482"
"beta_r[460]",-0.0378231715405001,-0.0520543,2.27282171711085,2.32013452818,-3.7144995,3.6146325,1.00282511803988,8465.10472094208,2973.90646113665,"483"
"beta_r[461]",0.028204752921,0.01742005,2.22533730620862,2.15974041087,-3.661249,3.7045985,1.00167889609348,8769.83331265848,2568.12677337106,"484"
"beta_r[462]",0.02051918680625,0.006547565,2.19457747357882,2.169651666,-3.571872,3.6420215,1.00154473148671,10050.1309942803,2698.38739373322,"485"
"beta_r[463]",-0.021289433672,-0.011689245,2.21967196795678,2.174619495363,-3.759997,3.669335,1.00053952639511,10056.4094368562,2958.1638778818,"486"
"beta_r[464]",0.0384989930749999,0.08019165,2.22958927680263,2.310817425,-3.5373635,3.591938,1.00137526191532,9187.30171029555,2528.60728661959,"487"
"beta_r[465]",0.047273832605,0.0454274,2.20464713647237,2.236902402,-3.5446115,3.6318175,1.00122935188703,9427.39163396066,2915.32861068843,"488"
"beta_r[466]",-0.0320483000525,-0.0179429,2.26842542871631,2.31881175246,-3.7891745,3.694318,1.00082409766203,8608.61242936417,2433.67761395668,"489"
"beta_r[467]",0.0384866650345,0.0821794,2.2231042299909,2.236361253,-3.7275055,3.7039755,1.00001728887919,10078.7163430168,2695.19657714385,"490"
"beta_r[468]",-0.0201649694732001,-0.0132488,2.19934637990678,2.14855604712,-3.6703145,3.5564995,1.00171728677387,10738.5878677365,2226.83693587957,"491"
"beta_r[469]",2.831561545,2.833365,0.514664282461706,0.527531319,1.995051,3.698821,1.01246239339738,515.013321999395,976.69656455956,"492"
"beta_r[470]",-0.0279530886585001,-0.06377245,2.25085451863531,2.21652028437,-3.650419,3.692322,1.00052177217991,11407.1448910662,2271.97396441527,"493"
"beta_r[471]",0.039865722586325,0.01491495,2.20500314873382,2.20042310313,-3.5022605,3.723484,0.999965812573976,7956.23239806994,2809.99820723371,"494"
"beta_r[472]",0.0107727965015,-0.00981257,2.20353706802601,2.199618822282,-3.5576985,3.60782149999999,1.00080831583634,9946.44117225485,2980.9918445515,"495"
"beta_r[473]",9.8593545425,9.854055,0.518019973202046,0.520681707000001,9.020072,10.733035,1.01177772466118,494.557662490282,1012.3218512918,"496"
"beta_r[474]",-0.00878548157000004,-0.0134389,2.23554373270201,2.27964412914,-3.6922445,3.6228575,1.0031265682686,13082.2227799051,2406.0908686155,"497"
"beta_r[475]",0.0065715304893,0.02854865,2.23909998021457,2.183172978,-3.772649,3.6358655,1.00118025339075,8883.59780877705,2398.23529995742,"498"
"beta_r[476]",0.0064391892335,0.00879781,2.23785022882937,2.185522899,-3.694933,3.732262,1.0008904552724,8703.90799221634,3136.91223499929,"499"
"beta_r[477]",-0.00137027664499998,0.003757405,2.33489413693709,2.313638212347,-3.801324,3.809108,1.00037880919318,9907.54275108845,2677.23893952523,"500"
"beta_r[478]",-0.02028848060375,-0.0109875,2.23073127902466,2.224515279,-3.7501635,3.6389745,1.00138224034818,9524.58999921713,2759.2439912085,"501"
"beta_r[479]",0.0344570100727501,0.0295288,2.25361664025533,2.26971797388,-3.6834235,3.789225,1.00136968150464,9266.62700615265,2716.43613182736,"502"
"beta_r[480]",0.00314001254000005,-0.006008035,2.20052470687721,2.258622492,-3.6945415,3.607178,1.00094573621195,10521.0452600711,2606.60068974008,"503"
"beta_r[481]",0.0103927498732499,0.00613477,2.30744478700177,2.214499975002,-3.7427355,3.7969465,1.00163355780549,9813.15739044468,2962.04275038936,"504"
"beta_r[482]",-0.00829363935422499,-0.02307675,2.25540089078264,2.139414039,-3.7174825,3.74214,1.00049666500704,10319.9700604295,2527.93692273124,"505"
"beta_r[483]",0.0209847565564251,0.0399056,2.27849754330706,2.283448629,-3.602614,3.746608,1.00122334449116,8900.82906028028,2896.69845741462,"506"
"beta_r[484]",0.0150302301475,0.0232641,2.2056319013134,2.23819359834,-3.58762,3.6396275,0.999653105791613,9496.44361420785,2616.75512706107,"507"
"beta_r[485]",-0.0155519903925,-0.01502005,2.27552643971679,2.203062057,-3.788475,3.7270045,1.00225403134227,10015.6991183568,2236.88768732461,"508"
"beta_r[486]",5.16954898,5.166135,0.51944363831739,0.518665371,4.331746,6.0400505,1.01186111954977,499.947099243182,886.864989662625,"509"
"beta_r[487]",3.57821156,3.57636,0.515138430177392,0.511704564,2.7241045,4.4391045,1.01270652687771,506.016232392171,961.871522021033,"510"
"beta_r[488]",0.0140673751449999,-0.0009690745,2.18691607442971,2.205612129,-3.483199,3.6533915,1.00028866952448,8646.93144320248,3116.12261179187,"511"
"beta_r[489]",0.0150205072183,0.001663785,2.20474229426967,2.180734101,-3.569436,3.576338,1.00010432620186,10273.4167056429,2768.21346877662,"512"
"beta_r[490]",3.9488187575,3.94503,0.515912629378676,0.524143578,3.101886,4.798949,1.01198421994678,501.385835400745,983.979977036837,"513"
"beta_r[491]",0.04776131576375,0.0166695,2.17279308884444,2.125818597,-3.4694855,3.624197,1.00401437978369,8140.31451438854,2303.6189888565,"514"
"beta_r[492]",3.06782557,3.062,0.512727198424733,0.525907872,2.237022,3.9330085,1.0123327844661,511.502218860847,1069.85766425516,"515"
"beta_r[493]",-0.012305924957,-0.0327298,2.2430668624054,2.212728609,-3.6205165,3.702888,1.00048148619303,10189.3403394599,2901.39539786401,"516"
"beta_r[494]",-0.0278167336693226,-0.07056005,2.19405575258348,2.20991900787,-3.608657,3.712285,0.999591329678473,9087.24662139899,2865.43009121493,"517"
"beta_r[495]",0.028863851162,0.02305655,2.25307155508978,2.30647852197,-3.7462265,3.682263,1.00152702904235,9999.33745379681,2738.39548429915,"518"
"beta_r[496]",0.00697234328399993,0.02983455,2.19036973182949,2.202936036,-3.575276,3.5335185,1.00167910710118,9520.40330272451,2977.10723883871,"519"
"beta_r[497]",-0.03251500999475,-0.0184242,2.20009711316585,2.15132791608,-3.550557,3.516011,1.00201437131419,10131.7429189219,2826.38829081994,"520"
"beta_r[498]",-0.0276558930949999,-0.04086715,2.26587836541294,2.23749225441,-3.7861995,3.697403,1.0017182590133,8257.66935136511,2616.71632650107,"521"
"beta_r[499]",-0.02839784890425,-0.03566565,2.22728681828125,2.203262208,-3.6870215,3.5503595,1.00101240952016,10388.8299059283,2398.81427867578,"522"
"beta_r[500]",8.012872935,8.00487,0.518006754171341,0.524210295,7.160968,8.8772085,1.01196153553046,501.718384022449,945.096452029413,"523"
"sigma_r",2.224739615,2.2165,0.166801735138796,0.164879946,1.960725,2.5126335,1.00748759626776,584.269273468619,1028.88517359489,"524"
"sigma",0.78549064525,0.785466,0.0060086043161336,0.0059103849,0.77563685,0.79526945,1.00034486291183,9450.39833917761,2585.57507399082,"525"
"theta",0.0034641807755185,0.00346093,0.00267024961298753,0.002701682676,-0.0009197304,0.0077681175,1.00149351874815,6489.23275922088,2454.89790263274,"526"
